ESR1,PGR,FOXA1,GATA3,TFF1,ERBB2,GRB7,PGAP3,STARD3,MIEN1,EGFR,KRT5,KRT14,KRT17,FOXC1,MKI67,CCNB1,CDC20,BUB1,TOP2A,subtype
8.397371322408986,7.889388559063052,8.518150830480554,9.21842388512642,7.812677300221331,2.8126904344406554,4.263370252405913,3.613947783322327,2.6244204912520384,3.4340480348687716,1.6292658457500302,1.6274161971437944,2.1935698172528273,0.4693758042737617,0.6200657339895737,2.5501699766072217,2.189735103732461,3.251397866076219,2.273580739583031,1.8701570389317668,Luminal_A
9.172519015137244,7.819378959610772,8.054022563750339,6.860201451029234,7.5644938203798535,3.0887380717678927,2.0792051380621577,3.3005584146765377,2.519489048064956,2.7666450001653784,1.5186347102164826,3.48182254760715,1.9892022202096529,1.1538312568352795,2.6580359296825513,2.023325080023182,3.1670908760038046,1.4322639008961795,1.9374511608812555,3.157488988695299,Luminal_A
8.59077326399633,8.137094624951976,7.907481374089407,7.759117043528569,6.817182407706058,2.424124633284233,2.63148898323217,3.8456977809751325,3.274894631654769,1.5895678757098128,2.259267175515836,1.6919341756669468,1.4584623997552328,2.489341031072694,2.824799617996761,3.7450240952929588,2.3286259814218893,2.7526300993190285,3.265010745122851,3.7804361016978874,Luminal_A
7.616660609723768,7.851472818668946,7.114932020795178,7.043034700735463,8.65002065791536,4.0849920228566585,2.942391902735733,3.8028263183136195,3.2893088200381073,2.4839041963159003,2.289116484406731,3.230429253172775,1.9713391687120387,3.251714924651205,-0.09579608327179567,3.657522003500179,3.069637654590537,2.760794119627306,3.0734086212284017,1.4099448683192857,Luminal_A
7.824262489729991,8.285690057209397,9.182315235793213,7.585383825381082,7.35320511768545,2.598594365132371,3.7323216941616595,3.2630008877277477,2.5761918369863688,3.410613946490685,2.077662039478432,2.7749159924263114,1.4383575248981182,1.7378702827217853,1.6863134774942738,1.8291880414943051,3.236896221651661,3.2088442177439114,3.004090765313969,2.8123302932998824,Luminal_A
6.867703406359668,7.663483741787712,7.725828386778584,7.358178184622705,7.8709714306671925,3.3232406854516308,4.508948720968425,3.139662250265471,3.2060403125782115,2.9404432673870664,0.4649830277607667,1.9787888996406264,2.048184167952821,3.9705936899882293,1.846111228175102,3.24123787386689,2.972230584235805,2.0650575699043743,3.9142582516120163,3.6015464261494192,Luminal_A
8.632825557634437,7.272490036164209,9.12223544874888,6.878519149766175,8.469485675040216,4.752364500647983,2.207570939895449,2.5469618163177823,3.079721092070113,2.5972194767070405,0.7594692551470938,2.054850379844822,1.150157029019116,2.378873944508145,1.2644606126129574,4.239947524014031,2.37339736613101,2.7423507870354595,3.650813773895736,2.015308546852836,Luminal_A
8.181967947683303,9.045714203425943,6.714013412351018,8.147707086825843,8.207906235398738,3.625458297421848,2.0104394312975344,1.943634709532579,3.4175532524935184,3.237587738586549,2.200394280276701,2.2771585675975805,1.4559802227372072,2.1858029577288027,2.234457978638945,2.428518865578906,4.492619608915805,3.37906633672943,2.046957202237881,3.5252428869070638,Luminal_A
7.220254663818142,8.629667682993961,8.926876463205923,7.343454145318631,8.770700903395458,3.330224741549199,3.657648127995592,4.517434386123158,2.8036895071977037,2.3970110685140082,1.2883884562995813,1.3473517720276493,1.9383186324687167,2.272921579853315,2.221352639464015,3.661746599228819,3.0104015135023254,4.1628272617258535,2.788274533409635,5.176135333271695,Luminal_A
8.500533878212005,7.314273954866974,7.14328600155111,8.385977932194548,7.821229771739319,3.5712003952736735,3.378590099658836,2.941736869874502,2.322565025545276,1.7881222202513083,1.642788038346383,2.685119035458778,2.171274995304163,1.0034089770304095,2.1385447406809455,3.3082539037830694,2.2929140510390935,3.1229800847564224,3.0465669747568,2.0856237617355013,Luminal_A
8.286229888278626,8.448627621094587,8.866440994540222,8.843041641627922,6.8978645056343275,2.2497399680679018,3.412028213766928,3.411028760729767,3.4120381490448386,6.082185192523777,2.4567124085545338,2.9084525121444793,2.763201410794562,2.5211130010446383,1.7477846042877234,3.607175376394614,2.3817398283699425,2.8105451146079927,2.611709161736717,3.065499311509058,Luminal_A
9.851726853338807,6.506187845926601,8.54900815229961,6.709827303048279,7.622454507368453,3.871160477573893,3.0514240152763703,2.1378041776565553,2.4277570325920252,3.543678199147741,1.4157066946262906,2.17316687166558,2.036457471923051,1.4787197219153463,3.7151552714602607,3.507135217854409,1.3798859306739142,3.149163451815542,2.4705708281852896,3.6819466678369794,Luminal_A
7.36598340925384,7.9082108468264805,8.403989823184366,8.692604155336097,7.039762874355379,2.7323990113272414,2.620043751071235,2.4773366139410307,4.4123633922248775,3.3239853687687644,0.9912928365319638,2.734289557643821,3.6977249576101068,2.8259722084409176,0.7845040272367891,2.612612741706999,4.013528919349298,2.4338644275049752,3.3550555425169826,3.6197072427434693,Luminal_A
7.258455622737534,7.95237971515056,5.406986127944742,7.180489886932568,7.797945478885472,2.0017734544281205,4.3059290431453086,1.8558868976314937,2.647964410642413,3.104592461828873,3.1530186312528925,0.8513102790564484,2.930531001723968,2.0081864488156698,1.2147930791616393,3.3696827794106166,3.159247756458776,2.5198264982729643,3.055841667992015,2.6917491225105916,Luminal_A
8.090813876200999,8.529704539616837,9.268813452916282,7.009747600938521,9.706426699725014,1.4383297603819984,2.8785719239715335,3.470653765187661,3.224793494188026,2.501840384143525,1.8335021997141798,1.6055992522729337,1.5285081944446308,2.67968167761682,2.285612388772038,2.4456723237914764,3.7196799003466006,3.2458396167012875,3.650289695071168,3.50370307353889,Luminal_A
7.336803991262342,7.551855167842424,8.59783488409861,8.488296212346771,7.983278724828682,3.0938619066470254,4.02213191663074,2.526742888931336,3.4376779049360304,2.8382458780528848,1.8258550374182239,2.879021481589752,2.660333079190424,2.650807708800511,3.044383045723463,3.0168030733062072,3.545562377035971,2.7517865947252353,3.2593330819907536,2.8958855565058523,Luminal_A
8.077596771994175,8.476125620349531,7.345423453413222,9.673909820548369,7.195186094800238,2.0286491097698143,3.9264886988000542,3.6333301551703485,3.499295853641724,3.502676407411424,1.9902025817224682,1.2821965028113347,2.060643646554981,1.4582706307903106,2.780095786734201,2.882354094798289,2.3396022425659906,2.742891326677605,3.3303451634204997,2.5490203577568202,Luminal_A
7.342223683546855,8.19494976919353,8.195973256886978,7.594445459703096,7.6231693555053415,3.185639949886109,1.8415325268021407,1.8740289804987558,2.425244622998051,2.829242278630522,2.248726052478404,3.1802849735596417,2.6861276985616156,1.8720491760292584,1.984787033677849,2.197976508289753,2.985189491206088,2.7690730888638893,3.2581748482704715,2.3382152451581417,Luminal_A
8.415477211392938,9.226191130402063,7.912991881234514,8.321369377679153,8.55211519336889,2.679023622491331,3.1792739854483334,3.010073920625436,3.0781408788390654,2.3815921729156266,2.019608139407154,2.3983986329963596,3.1609148862360334,2.7674166608681654,3.7225459660092453,2.3861219496895605,3.6978565093765425,3.1466736045906814,4.751842346574138,2.353361371715879,Luminal_A
7.328222526255379,7.520485883644782,6.300883420552155,7.579395982655392,7.392693870757041,3.1203150291809663,3.2734047806217275,4.500936671372709,3.76033907054884,2.5384770754700776,1.2812682629213135,2.3935353372052046,0.9438134343834863,3.465167012683483,2.9435520965770294,2.6246594783162362,1.629492376727298,4.08309789933233,2.9083681237979055,3.9902530495787696,Luminal_A
6.724457872964506,7.5204999816369815,8.004194959774546,8.037584475011794,7.639947622816605,3.498279945877999,2.1459036564939247,2.8860964119829653,3.096236505369519,3.4115510672469993,2.569291902471112,1.1002863265297047,0.7727086634115021,3.0221414575188073,2.265851209583673,2.401210770754757,4.240921580418019,3.092539707434287,3.9434377472510613,3.054014785128087,Luminal_A
9.64859833990559,9.404272673954564,7.800828681216741,8.777256760763484,8.516300759668118,4.0949052460258795,2.2280612315359165,3.5488411679987513,3.8467395894796703,1.5930084108615086,1.0533931898673798,0.36861425779191936,1.7844745324443538,2.5740338046367697,3.2018856416768227,3.05927582433582,4.302892436457034,1.8959188334280868,1.6372940485158762,2.955561840882705,Luminal_A
8.307252359151446,7.9738442015247255,6.3460463199680985,7.928703968389769,6.956424399596117,3.535738039064031,3.2932785968774785,2.2480961709381155,2.588906466130645,2.152629182488839,1.9498567221814624,2.7641138564009906,1.211419162931565,2.4032372124142753,1.5757939053020473,2.3657017341901247,2.9143757120363536,2.1718061420645007,2.5570805557222545,2.0416976859289213,Luminal_A
9.571780106333112,8.028210841577383,7.440219593605931,8.171183928587377,7.910137560247336,2.8232243203734217,3.4913333600347403,3.606006168037844,2.575599081911578,2.539345407484256,1.7799586422786848,0.158463068211532,0.7878471502411581,3.0934994139556196,3.3159741708010273,2.8007711683548973,3.4612455704446132,3.2490001236348287,5.46310464676419,3.8956599291476612,Luminal_A
7.897665926815387,7.235567647519659,6.714842943793942,8.162770908693778,7.394919403772557,1.8621970323218606,2.4827416926059787,2.134761597108484,4.3497133080580515,3.7053118055595604,1.9936218869467062,3.1839553111120207,2.0618946461180947,1.310972638937389,3.218499261815726,3.431128034947727,2.1702030765388347,2.8477290575331136,2.299505397292194,1.893760215228531,Luminal_A
8.740942038025313,9.527533312376104,6.881145940944687,8.450375389352457,7.479485944702539,2.610299692988243,2.5260848606089046,2.308807384256147,3.0388173023558616,2.33523990687117,2.216365460623871,1.9598095124406905,1.8088415625068721,1.2739490703667218,1.5385829355453338,3.604312980660605,3.4007337500995045,2.217955804161159,3.079465844343381,3.601109698697431,Luminal_A
6.664475775102902,8.434688153903949,7.469900992843323,8.456478934874527,7.389392674765986,1.5560943194683847,1.6979660496934699,3.0384679573291056,3.2077780013771857,2.276546699916473,2.510873967021899,0.6707839501848321,1.9471361610821467,1.0311870401900345,1.4785311137582726,3.0379189370531314,2.311669307772838,2.6923555646161397,3.8050342473715526,2.538486504381481,Luminal_A
8.668553689652114,7.096234516273905,8.423843342332226,9.15325489652632,6.022684399898169,2.3624837956236187,3.461657701744432,2.837563691165606,3.2969166986970473,2.5168118506273434,2.06927182997832,1.8754582116863365,2.934225649327846,2.2035366746409704,2.2700821296601617,2.670498427102026,2.609915020742005,2.653953449744303,3.3155617139026377,2.6632124153437897,Luminal_A
8.23181988551713,9.660320638916351,8.696899762745353,7.7391811742657275,8.960971137731155,2.673539701582759,1.3695003718577168,2.1935309512660766,1.5033664631793153,2.718789212766953,2.014734703351641,3.3411498498202263,2.26154189901133,1.8247195769529085,2.6635244649467915,1.2310917527936918,3.188491646486853,3.6166921551095736,1.8171310033761268,3.9150032345655434,Luminal_A
8.270797125995532,7.667769668879359,8.506225492885028,9.816554286243516,8.145493004046797,3.198576469040269,2.6325112803678046,2.3201245044281666,3.6642686532353963,2.3151329392729063,2.057252989775514,1.6178740425879066,2.3831838605971134,2.2669296842295585,2.8300319554063194,2.5919868809162026,2.784100051765303,2.216989027374154,2.6445653919391106,3.3018403944358816,Luminal_A
8.60559089331628,7.2622677406579,8.695684736084528,9.08451028704396,8.330747922578961,4.501436650046453,2.3809686407171418,2.0042762373508665,1.5770238008765771,4.196835449191346,2.5234925250832463,1.9555322632716359,2.2239749010558563,1.0996087621612989,3.956601583693461,3.103376945580182,3.0875158356839143,3.5806132991189537,3.3848073853893705,3.179107219423305,Luminal_A
7.367620435643751,8.377174685708797,9.505619597180027,9.076336036923982,9.274549301311518,2.5910274588550517,2.208316143793135,2.8993704639202815,3.0445799298309555,3.8753532147767586,0.6460282962281445,3.2236402555684913,1.8735936811368084,1.6584951440420639,1.1903164997918658,1.6761146625073844,3.6585364671695317,3.058654373750723,1.968031280207157,1.963936982349107,Luminal_A
7.7313722405678975,9.335217220231515,7.792326918909116,6.797485637505515,7.803405548731244,2.7818211442018637,0.8424906856467427,2.95656410678575,2.8152523758330577,3.556965091850735,3.4791648759562763,2.901252023638206,1.7848890475561356,1.1147792730066637,4.0586878425998885,3.0473747472115904,3.011143433530357,2.980699930311997,3.158467808614284,2.8845116704608462,Luminal_A
7.541070394495811,7.562512847007686,7.973797383827201,7.565260183092988,7.429723373858269,3.0851441821535173,2.7960182260633157,4.203194390866151,0.8792241532855902,3.8732054815379695,2.9968681539981032,0.3412878140734803,1.725849924735721,1.7028473072033667,0.873990644225743,2.3777466499272997,2.111539323627337,4.401816354738898,3.748542714517969,4.017244075995327,Luminal_A
8.577337651234588,7.096758583026217,7.580383786976181,8.391499648982334,7.022297752886444,3.5703987441379104,2.807739681473492,2.700143353960322,3.5687679745627934,3.3554106491888316,1.711227067344736,2.9274638426913984,1.135149337920082,2.492748485555411,2.474481006374707,2.752362848548808,3.260906417793694,1.9991091388917577,3.739221615365521,2.8520782908456086,Luminal_A
7.581821583584769,8.839207380669512,7.436525047565793,6.873230962909152,6.754696661180877,3.4848079610765117,1.9756565180029735,4.403835345587492,1.3344564736930222,4.35716509463203,2.1688139737620946,1.9226295105036861,1.5640647305528401,2.319308891481657,1.9698922380601214,3.882641505613217,3.0913821189296318,3.120241409169502,2.7091102302289154,2.954443501023146,Luminal_A
8.246241415113648,6.631865285874699,6.921451662315429,8.594611275218172,8.136692350502354,2.8528133309178565,3.0147471464523146,3.2780653642893367,2.5681922557525105,2.3773562196781497,2.156676204078145,1.2173017779079744,2.3266022045715777,0.6379331166097275,2.823324509860515,3.3780779859304344,3.2048237874511005,3.786152787156411,4.3323795555700615,3.8114960520145043,Luminal_A
6.527300614934684,6.976338426611439,7.500145137843457,8.020872840168668,8.414127216375299,2.4194049494772276,3.1494134115816625,2.395693654117342,2.5107857576064414,1.874671122521422,1.2614134031112765,0.918652315506933,1.2193013976181337,2.8429134372862714,1.2404808889344454,5.105905651869913,3.3946543207047113,3.147868898955899,2.313313775855029,3.560247903527193,Luminal_A
7.539489739009781,8.097607851716289,10.048067630615035,7.92315208022028,8.91941866102854,2.43745885989929,2.9720092076024307,4.416640508508408,2.498426353769786,4.449958846397543,2.5662015483643805,1.550026579284586,2.505926191244417,2.778043559701384,2.497447969773757,1.7438202240876348,2.418290259340105,2.8019850915587963,2.940453256719963,3.4965376780405424,Luminal_A
8.142160800746604,6.931724513031919,8.30415828080477,8.488468596227058,8.447832358344831,3.8646245804436976,3.667137723639123,3.3673440633827494,2.9438674308330826,1.6712312531872069,2.3436945753060687,2.166150149730489,2.217263069756299,0.9786011393437524,1.1351547676733902,3.842522282666323,2.968355876914676,3.5452005578980996,3.022654700904369,3.023804911596596,Luminal_A
8.750627044780797,7.587164217426101,8.076896621552788,7.630179769035966,7.652403018054147,2.7526623012250884,3.1777070173069704,2.617001102669218,4.0046049004588165,2.284314158224397,1.8505026846709127,1.6482151533806602,3.1575823074829863,2.15724382120926,2.825475631574908,1.8115517015704223,3.213640212695407,3.71170463649875,3.065827191420339,3.852384300052281,Luminal_A
7.586169239919702,9.127477952148464,9.8391184988954,7.709729151648273,7.643597982879383,4.1627075816941606,4.26365771658457,2.581711978277385,2.663850546323314,2.7745723129115945,0.9244395911725782,1.2650784428126414,1.1966873865983456,1.3857619479166972,1.9722520900905751,3.1873717860292166,4.240400394251262,2.2013167674089673,3.787457918781267,2.828808924619593,Luminal_A
7.9604290322780535,8.539855593733282,7.101822382750161,8.305927796947241,8.133161766570446,3.3939610112065193,3.2313349151262543,4.964240111928715,2.4898080125989472,2.5752024359985457,1.5014875788601885,1.5556183046717962,1.4900902981547857,2.9512132248860414,3.136403398391884,2.543402965000419,2.334115541516617,3.3771324451091234,2.558221564575223,3.506345454204409,Luminal_A
8.16233841668104,6.787404708002215,9.23800416106405,9.436702138476416,7.509769047612491,2.689838752051213,3.228692312579924,3.26756543198962,3.5268354181382646,4.608163631013079,1.8584422180047604,1.3613622043692368,0.8965446175883782,1.4152559680464647,1.9734984217009623,4.43564629081423,2.585910960771063,3.179030361311119,2.9868616831417985,3.950714618758467,Luminal_A
10.021545940698898,7.575304981663743,7.608448445985422,8.835328701655257,8.54551319170105,4.477365860588827,3.467142548260771,2.7125663273703524,3.4725238645538474,3.886962864466326,2.656385744957891,2.405819224885838,2.853339751671323,2.935436472356538,3.105727192830022,3.518967910071714,2.8663055357465166,3.1173709491466584,3.9652071732066854,2.346451463210211,Luminal_A
8.294938647098322,7.6853289501381115,8.022995858347853,9.02276149008584,8.152879254415923,3.0371492385249192,1.9121150872160646,3.5970028528217766,3.5163873449128604,4.730603778644368,1.7537774120375993,2.175320262131151,2.1995069469686044,3.2619626238107795,1.9237635740904384,3.2232172206162715,3.486317207773231,3.1492872985250866,2.6428531083595774,3.155271994318646,Luminal_A
8.858905399887817,7.178787760471152,8.106375739317501,7.439903348048661,8.956037303139874,1.7814504761729801,2.5528625221827292,3.3017695000516167,4.252419223387473,2.94739979114161,1.5558403786454413,3.504925655552472,0.8415888796670048,0.24095523470393432,2.352011560042666,2.598356620517911,2.1830137462954293,3.5666851578394825,3.195040571016959,2.548737095410617,Luminal_A
6.975756481063284,8.697965862624116,8.520160942366928,7.920659308976494,9.477309596838133,2.143932186939078,1.779579863260209,2.4464735440950043,2.963531186915602,3.1946715594581536,1.807011153714936,2.2816443172114376,0.9987684606476448,3.155011683258608,1.934279057285945,3.893836665270502,3.2741802771021633,3.365402575323027,3.455813824185763,3.358166848013852,Luminal_A
8.514178207894036,9.063322024105945,8.157216935761177,8.56720300607081,7.928211444570219,4.152093772359578,2.458886158352584,4.440752346328653,2.9678736394845253,1.8553799183055615,2.1024835319286312,1.4551586740200952,2.6725148391909794,1.4779008165580874,1.6430532534281763,1.488367415243575,2.6381549446007386,1.0608965386968345,1.7328777412114214,3.608331724915438,Luminal_A
8.628640126920665,8.340366049427972,7.226419085496629,7.961830915086416,7.9971179687275455,2.073308248645966,4.20271864141372,3.7018898324605374,2.8232286609362687,3.0215086711956247,2.166706246358042,0.3666121052605673,1.8022580939835224,1.4544126016017611,1.1987039920840674,2.775119765691236,4.438149221479618,3.512674289013608,2.5430568081737626,3.458066225084927,Luminal_A
7.119484349268802,6.739706946330215,6.047704295936139,5.482450577835541,6.558578650890872,3.3147883083373997,3.716154576022186,3.5081374413455757,3.839642172255468,2.5718118307515456,3.0539152525074607,2.1580796837539196,3.660208698100212,1.4486497455283458,3.3887710425321993,7.1583286267701185,6.478865597108442,6.612891332756543,6.743722153444544,7.339332757121533,Luminal_B
6.4182683904284,5.541039996849137,5.980516326191213,7.713816286889491,7.382034536080569,3.3490589357392255,3.0304027825345603,3.096025061374609,3.4908143781843335,2.1817659478412756,1.794098770061324,0.6651327408979284,2.3193784980842236,2.517756751762193,1.6134508301605008,8.259189410632025,6.019387469598127,5.828500095832144,7.179561454847978,7.837678642089724,Luminal_B
7.3471421531662955,5.632892589704848,6.862944666745037,5.969193224399434,5.861898160047344,3.706927949989338,3.5218583027307355,1.7388862744126004,4.181232279780716,4.104073083317961,1.4995498387923765,2.316642826749927,2.395224149026191,2.2085390126591258,1.559755876923664,6.462701305649559,6.979556743206844,7.938183215407491,7.434880123675546,6.703508534331116,Luminal_B
6.617358968518676,3.7211659034959395,6.919012560297682,4.60822897697752,5.710047246877494,2.1042640842990847,1.9642548194232754,3.9286614299028155,2.625839038950487,3.2772031053845727,1.9624635368966528,2.381632661778497,2.061457512848204,0.9736062206491443,2.797013455557712,6.60499473347095,5.754734481072199,6.65750787122727,8.20060783250745,7.680177393690794,Luminal_B
5.721078292473712,5.720593836545257,5.742691959026094,7.661398386848672,6.305548361785243,3.3440333177528556,3.824226763225474,3.1910313272212107,2.7927662833434375,2.8429201207320176,1.942718992468749,1.9702222107921268,2.582103634909584,2.0415567086458397,2.5861120617724636,6.9354267359131345,7.062908152252873,5.401439452374314,7.733062139761985,7.277190780718394,Luminal_B
6.798408087887722,3.6829956974450484,7.670699763824582,5.888328297475861,6.886546253390013,2.1680752582995755,3.4902191240500557,2.157267549461075,2.500984831443356,4.531225083093429,1.8474540793893226,2.173946298543778,2.6960541845510035,2.3965455103780835,2.1203351241148614,7.29196880197298,8.92273246819062,6.953904962373132,7.160879237371974,7.84052351680609,Luminal_B
6.884420746366387,6.949624244448304,6.510984177623348,5.0855960698156135,7.306745225840877,2.0829236855850497,3.2421083721912267,2.3965793199845136,2.948689322725606,3.2630099282427842,2.2570857723602185,2.337536603388228,3.290969015246918,2.362827441211184,1.804674691767481,7.771269734630685,7.951576391139713,6.017913747890406,7.477920055879887,7.560938193848719,Luminal_B
5.761949197312006,7.100565450649295,5.879955530373978,6.100461162777234,5.861542540572905,3.012463238065174,2.1229799304838384,1.8479592939245644,4.275604050579978,2.3224309213453376,1.2068861204349544,0.27728790911702816,1.4888306018483983,0.9415281652740013,3.3136121281090953,7.807853671474107,6.449479723857821,8.801948644275447,7.785412389593276,6.740134893193102,Luminal_B
4.000475428101142,7.832754058072593,4.8883420265891235,4.683681002434486,6.818056345607713,4.951801925071418,4.107418254808414,3.4511272960418875,3.475803473332229,3.682732447024246,2.6071428718294123,2.2249531391755006,2.0833608831615007,1.9499254976803821,1.396828328906659,6.775459938506581,5.645634548643692,6.9213282985642,6.209127114279266,6.1171285462273834,Luminal_B
6.143915320922782,7.113601829075679,6.73465328480185,4.743599517101458,5.20829749074373,3.7526169503905726,2.2140100851693525,2.8202934800023804,3.4400416792196413,2.2253244361090916,2.084300404916768,0.9327796040654364,1.518905884839029,2.2558255473140294,0.7256050131746645,7.352379790368319,6.984289760858655,7.441991963533718,7.179131307251729,8.091312343979075,Luminal_B
6.100179602118326,5.656475567099798,6.097838002425827,6.43463842322911,6.039088056260564,3.032473352963106,2.4384066497545955,2.4696792659592415,1.877915782560245,4.399661394549551,1.004909411686972,1.4456758417632742,1.425274187544642,2.715939501555553,1.7640402573663778,7.998193658138987,6.461207500604905,7.223195329779042,6.331722357392194,8.716119302218711,Luminal_B
5.04992126477639,6.247856568181622,6.507021504745679,6.331039277961199,5.851769872897833,2.896143440213259,3.0350491775832875,2.8823983986972093,3.7711032934359277,4.768418401273081,1.554006571993733,0.9041576163367377,1.9293743613189962,4.063767470123455,1.3570603456242152,8.311293444355254,8.342160651261153,6.557129406633605,7.4551864633482205,8.30271729850283,Luminal_B
5.69669780721001,5.83713571191811,5.534655268841085,5.188194615445706,5.480577963947194,2.0208477865901946,3.027266774607381,2.3840214151530867,3.187028729432598,1.755283483037098,2.2647041857715657,2.66682316928714,0.40501148594283554,2.299245255878058,2.9821351939786336,6.032287185047036,8.338057909470162,7.335215207492836,6.435990515393273,6.955384737873835,Luminal_B
6.446661530017378,6.060804313129929,6.431004793957095,5.263461125536507,6.135488659228862,1.8690284024760158,2.9110191509210397,2.2768738868281684,2.4115760459281868,3.98887454016835,2.873048096475415,2.487310496725742,1.126149788261937,1.7468732402441585,2.9704781599833465,7.1133735309119235,8.855463631985355,7.314654271515497,7.153639293192025,6.752706828637999,Luminal_B
6.106832723825826,5.8780241308955645,6.566486941350872,6.765361853435667,5.37120843159364,1.9350136371537776,1.5310357015173626,3.406393061530035,2.1173067150609013,1.2776875256380136,2.3108628836247713,3.9943996139462326,1.9951432707680854,2.6707926195613134,2.065463486838052,6.9208882774470855,7.735261186390215,6.767780364649079,7.213913851257522,7.257358244956811,Luminal_B
5.465527637085561,6.793633879629218,5.860032194643673,5.3954038724057245,6.429207874856322,2.28122561456717,3.0225449258953025,2.9927048026846372,3.8687164526652627,3.379758586303962,1.9799784330038848,2.6542130393602297,3.112166039213851,2.44624824508149,2.0082820958747045,5.950531014119872,6.147909069539702,6.755820236516266,6.512390238272573,6.850422957611643,Luminal_B
6.045319939917686,6.423754203485385,5.943600977552727,6.389201315060961,6.0515795318480965,1.4196267469169028,2.2485316849449966,2.8847299554227077,2.032244205727114,3.479942983996964,3.224600665874958,2.975009481357853,1.8292457032558336,3.192580909479962,2.1189339657616895,6.730331223105568,6.509277869167248,6.758024250809497,6.689458545167017,7.13633297790039,Luminal_B
6.128459184839891,6.0024368161227315,6.34955053579708,6.952517019829073,6.759643308353059,1.812081625240077,0.9568630920784362,3.747455928991419,1.9064970412676632,2.820187678485853,1.0639095791525124,0.5584156499359842,2.4331701825638303,2.6073241282421176,1.5387916794186245,4.9271661662840724,6.5630044413980135,7.313443204322037,5.816870744980697,7.146687935823325,Luminal_B
5.987752120661604,6.463433199680871,6.095664294731322,5.221544847294756,6.957257201331593,2.873176341578424,2.9781563683920544,2.253385632741443,2.645374199046792,2.292157828778479,1.8616431520612615,3.3693667841138746,0.902479085654915,0.709150881698607,3.1769362619948867,6.832541058278507,6.464741809072066,7.831923749916861,6.515507568210508,8.46080777083755,Luminal_B
6.542340697071415,5.609670873483438,7.725846570612402,5.515428061597329,6.593676297607446,3.2394340643251933,4.041393031519038,4.249208957381482,3.0256033192526135,2.397265703723053,2.367977714351293,1.4578277041983152,3.6107097980212988,2.1092282648661898,1.707742758950313,7.147744244691927,5.922298968376243,6.222708769191478,7.96033112635554,6.474484576822883,Luminal_B
5.162471213854448,6.429322202021829,6.948563323730397,6.575162648532054,6.796838148644653,2.3945639291444314,1.862551466606525,4.201066921564389,2.7418561289262913,2.799333586835962,3.0625553134792467,2.444984007520528,2.3647102176652863,3.7320018759208673,1.4851854156958857,7.74227210246499,7.045610499917667,7.214873823090605,8.222774741130026,7.406268605031699,Luminal_B
6.430636863239706,6.858005869847842,5.7080378163656915,5.328632266128794,5.164152644783173,1.4269147284991985,4.644965703952257,2.1174333074226537,2.8229971011313824,2.7785493600888636,2.2459253582472805,2.6525897700314376,2.6883787906877963,1.5335380491448491,1.8663026289708708,7.22606396039064,6.801047099053163,8.285876460815995,7.392779961310601,7.587902228839854,Luminal_B
6.53030501493393,6.93877908598826,6.144817246962965,4.962534441635323,6.3197503614021135,2.4789144849665368,2.5771066546001946,3.4690912150040747,3.9906264571469086,3.0170172613888493,2.247066410079171,3.3617719557081904,2.1926025435908545,4.081346491344316,2.4524077165052356,5.591389792675345,7.602673296883626,7.304926707906223,8.031802203266196,7.538545081015966,Luminal_B
5.889235212812981,5.020561410968507,5.83278139417118,5.31958363663256,5.535581240156222,3.470862723536488,4.335923603481125,3.3157372238583847,2.0432935503718523,3.3556821345761128,2.957305189316521,1.5121736765444942,1.892786266661666,2.0117505557833577,1.372081349534208,7.518624347075087,6.903241481113775,7.335625955125622,6.29000625775832,6.650033359741272,Luminal_B
6.577905086262217,5.701733478326586,7.381571080986724,5.680291051508318,6.179747780601509,3.746072665498472,1.8653074136535746,1.5913529504153792,1.779474948343924,4.010067282741746,1.5585134832860426,4.046559428534602,1.5486019210740891,2.1476410425576296,3.233687962054301,8.604874310527299,8.649202861309119,7.9666929844745145,7.81925002064917,7.4740215593609465,Luminal_B
6.6226888609333106,5.559051426937173,5.345440893262154,5.997300434071239,5.8638523019800575,2.63741756053818,3.5571099579653724,3.7642441668564084,3.070725509033478,4.182024064844209,1.086648708693196,1.8450724325762256,1.4265421435177559,0.5067707063415519,1.9338554513258406,6.9026019932933735,8.210759794593706,7.504649347643822,6.180650540536636,8.483274053067351,Luminal_B
6.9768269564202825,6.465678162774893,5.818812720920135,5.2324486106212165,5.702234579143157,3.870998895763349,4.507669044747687,4.234594822617751,2.6089204625709805,2.104306053368791,2.112708997528963,0.5852485075497187,2.2585341713478253,1.881917930961065,1.6271707985054062,5.724237546186563,7.410880085255773,6.573839328270471,6.064066531431769,4.702190229374681,Luminal_B
5.977988075959491,7.417801277335795,7.329007371638296,5.634322994730983,5.518230351710575,3.3750194048600193,2.2012916486493666,3.2414335198555726,3.6128642227077523,3.9815465791074462,1.9198767388160378,1.8370609998584273,1.2976139305947512,1.338495716768112,1.8188168864787786,7.293892405452943,7.730867700986599,6.357456839455724,8.194150855167617,6.783101119165945,Luminal_B
5.982906164521251,5.402230656681741,4.0606077917816465,6.70723631708884,6.589475117673946,2.7749379543054293,3.0535925737798975,3.4127513741632796,1.7499633144907658,2.576757858122964,2.635411743697462,0.9965684614646004,2.2348463457333034,0.9147345563012759,2.373143985946821,6.971486814162013,5.707894547275592,7.931791483565737,6.4123267385615605,6.351798050388496,Luminal_B
6.1604553577847545,6.918909879542972,5.187342544817282,6.049343879878378,6.343053200264459,3.5544844858105153,3.14115324422178,2.706377728733342,2.3379278234810243,3.0689151064370996,1.1422887904115144,-0.33708038679568597,2.3492478433261343,2.723147872868956,0.10965405156652919,6.19221543623205,7.4953234088041585,8.645996375769359,7.016634966140327,6.417597647016692,Luminal_B
5.8536828471161275,7.099901135318548,5.483228656700372,5.360646394679797,5.613805182254374,2.23733711339303,3.0981362527958365,4.2997427667756485,3.2584634184928234,2.79811719829897,1.7665509848675647,0.7494473530426742,2.7064878217177273,1.9377302423897584,1.8556160691274994,9.55448605427589,7.239002326692549,6.398567159923853,6.658913923035565,7.918756567357404,Luminal_B
6.090616328430212,4.849377617346106,6.735383147660163,5.465484731568805,7.498638220974037,3.8640384525717186,2.642142483472999,4.024813089388091,3.0542844084219225,3.6822189400977754,2.38778625383558,1.3229146760073012,1.4851601341460303,2.823968654064929,1.7321797343147673,6.677081229406403,6.235901936520517,7.338879252474769,8.650019935394516,6.145973668596581,Luminal_B
6.019375565338207,7.129776444332343,5.936286887003428,6.361897436999787,5.150085177482496,3.342645677766119,2.850284587996361,3.7885839965438906,3.949908841251801,5.071650913614891,2.4637065385708605,2.260637053265733,2.155507441261869,1.7174669657514494,2.270787074769353,6.763678871888777,7.1347687810156915,8.054078028486368,6.194765947776287,7.911902848903236,Luminal_B
7.053692053871893,5.905545178407137,4.302516080793124,5.513742410324454,7.037595637248888,2.9817055501608944,2.2005582141640714,2.596180063017426,3.6724960212036426,3.4373868545611037,1.8088543206642445,1.7065404705482499,1.6865934807649425,1.2620718524011978,3.2923005515755532,6.742143624630928,7.973726816660397,8.217052841537962,7.798648718518368,6.654703749825561,Luminal_B
6.322984072269287,5.980643514887267,5.277038511415897,6.259487425377283,5.056768167072158,3.950143510769251,2.6283061621612855,3.160927724698271,3.226630297236914,2.7928760210367383,2.46935504118022,1.6200770747019804,2.6970378379657953,0.9232162558026011,2.1011036636371294,8.551143199246628,6.19973494031554,6.457804023580119,7.411126279727132,7.143665425551679,Luminal_B
6.280504079418847,6.391349704118131,6.507777174849416,6.8877598735649785,6.32785492554281,2.806993876305166,3.538058960962185,4.5199055479161725,2.8938930028939414,2.2203765562634867,2.8856645354295782,1.9036950688371215,0.26186436318877093,2.6779373417203374,1.5717374512368618,6.927573374156672,7.265584264455212,7.152399743823253,7.567561453711232,6.6516109035441255,Luminal_B
6.410484638540866,5.792362657932866,6.591048384710002,6.492293987210442,5.251649038364324,3.8687856929400257,2.5712292439087614,3.6464462386249163,3.2938298507210724,4.470546941436098,1.8212272141025183,1.720546563105442,1.9844643152898138,1.7574561737325796,2.63995352155364,5.706951513250729,6.157054064682916,6.145757662736646,7.760246073578861,8.368490698065541,Luminal_B
5.916440625170023,5.864942621447992,6.056041730490545,6.929502642086552,5.258117492647541,3.190695186187828,3.780158103825944,3.400875335951876,3.151665293278995,3.800836874053713,-0.16258583439939,2.5423002556247263,1.476739453498061,0.5354936825148344,2.4089620796199847,8.098926836130365,6.890041188297847,7.762299637762351,8.289822606390917,8.051931562867239,Luminal_B
7.311971623497114,6.593701992857514,6.060346911121274,4.718427350482266,5.803150009496041,2.3254027237470467,4.736754173998251,2.859291350054131,3.0985638454275883,3.441188300832374,2.034881957097963,3.3560408323446023,1.5018805106124384,2.1556859641897943,1.4060235314415612,5.943981991023435,6.510584727275772,6.97037056236127,6.656558220386192,6.4460632161009155,Luminal_B
4.874946029062533,5.933515541897044,4.796223700775198,6.6080447709516825,6.065951802347603,1.8339588004280556,2.7526327383601092,2.3982748755275334,3.2553396083353445,4.072360356818516,0.4998620242834042,2.092020863317934,1.8718937635466877,2.5370720611603725,2.1705573025901512,6.398424534608945,6.744756851466706,6.363179314557208,7.8608057108788785,7.017049318937554,Luminal_B
7.520952548602406,5.951471348948304,5.433274586471629,4.789028485909738,4.557488258995244,1.732691245595608,3.2137013208091867,3.406980018583947,1.735047438374293,3.7160306512608923,1.6135511586532485,2.1174344095884394,3.2897765026043393,2.7174714526924255,1.785175481675334,6.28704621966777,5.278547678936556,6.424677344606064,6.831095808937844,6.210256378279053,Luminal_B
5.894994426326156,6.061481506367015,5.820115214553537,5.479997935341232,6.1349237375733825,3.353552519655527,2.127680738045723,4.128745903797016,2.9211294941725905,3.015079698355878,2.566571538605246,2.1865729050108014,2.762509307130596,2.2296993321614593,1.5100501002876496,7.289202820164881,6.08501903414347,7.0868477646212185,6.973416007484431,6.833506514181968,Luminal_B
5.897169990848855,4.494520763601889,5.561020073807231,6.074275920912892,6.12788511359792,2.1778598872592334,4.01256627269176,2.3070601214283992,3.7755657604213892,3.341755489497348,1.4830181521249575,3.4202487140876094,1.045090534594816,2.7353233388880014,2.800465854434383,6.4635038327386845,8.113972240051464,6.799962788320838,7.230954903423886,7.208257471016976,Luminal_B
5.892553006823562,6.648646618527826,6.634790976441771,4.601174421409455,7.043472194302522,1.6700064095714604,3.826036963473326,3.9013641094620666,2.1272268558278413,2.671348569636332,1.1154362652112515,1.8280631757690118,1.7535725726514069,2.623728425815472,3.0482469968956867,8.116547048631965,6.550265578737358,6.832622501004378,5.653249446223239,6.355303946803049,Luminal_B
6.771881306477966,7.292466258838585,5.012520902496062,5.526028592677685,5.978875394432858,3.2241289270556854,2.352317184062683,3.3392488355712717,2.620928522343267,2.9884381832973768,2.4370273984029596,2.0051378158487503,1.6508912875787451,1.9123121568593353,1.9293096326357317,6.703991176094298,6.792963149866318,8.278917736403773,7.448735558352991,6.763615745576672,Luminal_B
6.5575635236085885,5.732944408195192,6.938499710069313,6.295713753758475,5.914158284796617,3.358173540648222,1.7432990783452005,2.098586024872156,2.0448599948807558,3.1143544758109654,3.3860119995880735,3.785040116954106,2.510440881152606,2.4006755799555655,0.5591538126778088,6.565860960212783,6.369772998473409,6.503321921399107,6.8654849451321684,6.622327537842298,Luminal_B
4.41656015169937,6.5983282048940275,5.141805579408155,6.19139749128892,7.659266135799979,2.264492326730861,0.975769981802936,2.7711966224959115,3.880767707998857,4.566677963376475,1.0163603244380663,2.3973593785892175,1.6277516345759573,1.9152413165566915,4.115474677613628,5.797623737283877,7.202991729195658,7.3741545374123465,7.868629059951478,7.078386522776716,Luminal_B
6.246440431603282,5.6866811460625675,6.2153015529960856,5.725446179602072,6.497257511884841,2.7043117311650926,3.3016803151217493,2.9765897490520175,3.9008402006177345,2.958885021129211,0.5815740254344948,3.0095372005711933,1.2754141593099049,1.476986929080944,1.5234709647652063,8.099550474536654,5.291460628817044,9.510198826927995,7.844845447252841,7.178591131303328,Luminal_B
5.956084799506971,6.2284432598861255,6.4168979427034705,6.516172468760046,6.444483572802759,3.0716645450041993,2.8421292637541393,2.8789813730771905,2.8440733757178553,3.9070160774936515,2.4748453778246895,-0.35231090773142437,2.5247206212238087,2.15578895577502,1.985032994843282,6.689185237528891,7.899290175988811,7.758021169698287,6.3816978657411125,7.325641829699628,Luminal_B
5.222674612366971,4.896305468168856,5.498626220328028,6.689914777906207,6.762500036300869,3.4104683360778343,3.580076629478398,3.4129426296919667,2.486814723821638,3.3455380357391524,2.6403276201821457,2.6034330638508596,2.9511306971797144,2.566643077760851,2.2811585660332665,7.856120190653142,6.978782992600752,6.294500279017826,6.869546428844989,6.404077884154841,Luminal_B
1.4598573800204946,1.8843850634275858,1.366064063200031,1.7536307762887677,0.48510826643697147,9.170634965898351,9.00096438028978,8.346329095145448,9.527396534745924,9.750056110101246,0.7139521085048206,1.3898201771470284,1.3846861201701612,1.248077519112908,2.663579873545399,5.844939088981757,5.788388126951512,4.396910108474597,6.508334424167381,5.008593284117222,HER2_enriched
2.0479461042130627,2.221901550366553,3.0885268766709206,0.9529436807047102,-0.41560972465666035,9.147079635802957,10.440408945208683,9.991157082351549,9.1677275322197,8.606691051494362,2.645698077309848,1.221163040236425,2.3810862154849755,2.4043761273333013,2.8481679259991037,8.207728031128863,6.313932773743014,5.592829099434001,5.979540550246404,4.584739276088706,HER2_enriched
1.4442294951287535,1.6725740495095167,1.580729281652326,2.1218838976269776,1.3420640540942395,9.896824533859577,9.000165651934557,8.992559743089108,8.737684226789666,9.124152547087183,2.6600786117341078,1.3062958274312797,1.4735068087397947,1.7570191769786683,0.923303261221428,5.344593712222801,5.6190233011642725,6.699511344570182,6.21004906320154,6.1548719290940355,HER2_enriched
2.680718369734378,1.8901025692804827,2.312371879943112,1.917422597654003,2.2122898795197026,8.533793073910735,7.048946273378856,8.892576670250957,10.138198508879952,9.740972321793274,2.7723179876729365,2.9889045774449743,2.07092607276915,2.1578525659244763,1.5058784836525199,5.74714171517836,6.492616919816913,6.963107549735053,5.8884429794552,5.639848588118871,HER2_enriched
2.0004223670852777,2.480965399143292,0.8449161470931665,0.16305523749020945,1.5595705204067332,8.023430059268673,8.593487841882151,8.881775744946022,8.63740127278159,10.161974027576596,2.261395811681856,2.2403794876886627,2.4977657152347215,1.0889335057753846,2.831289429936215,5.939388570771632,6.53638449379297,5.142514213567876,4.756992987187148,6.654311726420023,HER2_enriched
2.301127620878013,1.2783587565139918,1.3042695349802444,2.9003478275318155,1.0484704857061375,10.314138362604771,8.279503412281706,9.510713540486707,8.737105219400812,9.482549944865875,1.5647087983086458,1.8697656751421645,2.032735340316577,1.1982500353748218,2.5926594763361006,5.589429146822732,5.817120067727985,5.2045205003131905,3.9501330729637516,5.847177789919865,HER2_enriched
3.9300923372903327,2.6276834303184193,1.9845916962124843,1.7896873366333859,2.017972714249637,9.437695292140168,8.055349747752924,9.891457355735097,9.572305052352995,9.574548580566347,2.3507805910477817,2.015693326155192,2.538288988773456,2.4734513069931023,1.716767431247181,5.541118581682479,6.081485036209589,7.23921612119615,5.008714339476879,4.8259797873980474,HER2_enriched
2.131808672989213,2.0407101614848147,2.1386733314963267,2.1951625583268,1.821438196292156,10.191890750881665,7.719276817218788,8.337202380175803,8.917396191880762,7.685448951076666,1.859316476454343,3.3291761325824147,2.0167091906367696,2.184560724574947,0.9918681878619358,5.506910873568418,5.699842895740851,5.745827922595013,7.025315036003015,6.4461528485801,HER2_enriched
1.1108336344503744,2.197203822745604,2.3985773987974284,2.912119230817013,3.264432549254699,8.187924646537706,8.351313991031729,7.993937712868307,8.812784112714414,9.373086699557067,2.7898676132712814,1.9392391810859817,1.7441219813961248,2.1214063937989924,1.3318856786959814,7.671630977355819,4.713871178305553,6.14779246311658,7.618884975383711,6.0054398756479985,HER2_enriched
1.8479687719988045,1.7140436617516581,1.8556866545900736,3.098278779741224,0.23051047093639454,10.22674696103706,7.860834278039884,8.786678136612467,8.65660446376107,9.470842615816576,0.7215005184930019,2.3697381328655545,3.6194476986294823,0.9094607963257515,2.1517649340883165,5.470414257762712,6.340709764954429,6.015318221932602,5.486810472764552,6.390297827896859,HER2_enriched
3.4434784878293945,1.847276966618161,2.5758063537185456,0.965381633703069,1.2348508985455928,9.377925022304302,10.187292822828772,9.284490679028528,8.749553575581476,8.999433124338683,0.999673812824226,2.4836122610842937,2.7058664498587275,1.6383277337335356,1.6239662817923988,6.212702583721639,5.650624211167523,5.947093908299342,7.679777431333212,5.802379439403203,HER2_enriched
1.7133278783830221,1.4819665554918726,2.5953535771999494,1.8550206614255176,1.4805015693428591,10.05704322581841,10.13568240361091,8.519661147409035,7.506768038911507,9.806010951869538,1.4522961393919966,2.632500479330215,0.4239169458305314,2.7140778706394473,1.031062456575375,6.58461129525322,6.011418454269148,5.236848464482684,5.6743709496585755,6.54905476556536,HER2_enriched
2.0847155624921876,2.467530384377987,3.5811524676123883,0.7486067106311589,3.293770059974899,9.08348475001857,8.280972761341497,7.935749099408808,8.848703687378373,9.737320089539567,1.8979607036979727,3.208923944197878,0.8390594479587528,1.9903288417231564,0.9980852444695048,6.290905506099974,6.7095099120778405,5.663390565055157,3.9166289146982924,6.159158517437196,HER2_enriched
2.349390841386808,2.323435803969358,2.988625753457723,1.143157056280761,2.5441728843603597,9.954006009982379,7.5771299327947865,9.255721460735181,8.596656135193863,8.934781861518683,2.278141186830669,1.610217148709158,1.4594335366707105,2.02732193399042,1.130203248909758,5.131339896891852,6.543498626365203,5.0809647718730755,6.5330500007273695,6.370073034283161,HER2_enriched
0.6193546169675226,1.4579482781314759,2.955287522437898,1.2150675750882547,1.6284765901524898,9.369648714601517,9.626712407426076,8.798768891164404,8.521991844246687,10.137895889358806,3.391119731038063,2.7830864406254365,2.068254514052019,1.3533874226872589,1.3356444747547478,6.418011284212606,6.334718576710947,7.121278874357143,6.520360074028911,4.797535758592145,HER2_enriched
2.841558094178335,1.2015514981484696,1.6928229824381187,2.2001601650013556,3.5965339918271715,11.48793484480429,9.485378447308946,8.85344270502369,9.42760451878444,9.71012434069907,1.7434658995542467,3.436169084729858,2.1840566073531216,2.3981944712731154,2.5327394016435694,6.337269288491565,6.67115240037569,5.506197450762461,5.553358596843175,5.119876613622644,HER2_enriched
2.351600984496181,2.6231492028096914,2.3662182929215088,3.33959394667803,1.9955231849367627,9.53499332447401,8.126639299088549,8.69032023802048,9.556430206052623,9.679281688594514,1.7648264418686541,1.9427205985135465,0.7857010026553524,1.7143766393547124,2.712306530815829,6.460164012885253,6.4005325771049675,6.039818949744768,6.005650526902541,5.471743088421242,HER2_enriched
2.5590627361620277,2.336778355511512,2.3936150783942396,1.5791721258659357,0.2773256641030044,9.877722169402956,8.616930035193276,8.309779388765504,9.554783129531195,8.686389888064696,2.8479491072372976,2.493604759661358,2.546855458560382,0.9072354310395725,2.9695551883091205,6.209000424987085,5.704578288603037,6.114710773873801,4.579011813681344,6.326922249184537,HER2_enriched
1.1765027934543428,0.9178637713251725,0.7821126510256871,2.89015069999194,1.496589285045769,10.2269821679332,8.57135882955816,7.634113633925643,8.106780448041073,9.988649296005551,1.875281457650666,1.5613701628075192,2.12801458068223,2.4014261889340363,2.8939190527219685,7.158799383914341,5.712185083368731,4.93916185113437,5.669227871101379,6.208224405266309,HER2_enriched
1.2289928590315111,1.2342792680839656,2.275030305239908,1.961078118743639,2.026237596329269,8.393203732239945,8.815679428635386,8.260613484585356,9.71215872889983,9.828199467779003,0.5230497102095248,1.256391311846072,0.8027765959279367,1.4799808524744815,1.9332496241677113,4.840283824241176,5.2625121494997495,5.196834102334801,6.165813863519155,6.055475469629,HER2_enriched
1.4226099573301973,2.1414566977115186,1.5626559323301876,1.7826759117391573,3.33876167223883,10.072368841432278,7.960335010457921,9.66378593430334,9.649117243593274,8.081389368997906,2.6550221150038884,3.2303455347300423,1.101964155004469,1.265997743188589,2.814129173474802,6.217196248660518,6.441181020191618,6.272471373120397,6.312556736742516,4.938822297351134,HER2_enriched
2.8378541652971587,2.935671993942219,1.816487404745578,1.9652184401489101,0.7751139979554222,9.411403804814269,9.457645953371316,8.950247186400551,9.899482687896402,8.732738215216047,2.4516847407148803,1.1842685290463075,1.9811582793006095,1.8605165936777313,2.180246337632753,5.704378456933313,5.894821923462666,6.660837737153205,5.650588610209426,4.714738319409056,HER2_enriched
3.3996671233643365,3.1051632629523893,0.966189843915505,2.5517662441961555,1.5976201835589254,9.210789772264848,9.235379303210795,8.812473759746942,8.372987467530884,8.447567158146992,1.267046467615006,1.334542233415644,1.9462573679605157,1.4273920087113985,2.545641652570096,7.189796924268742,5.535957406903965,6.191523600428302,6.399748088242347,6.377601816735419,HER2_enriched
2.06076421433287,2.594145934687778,2.385799162144526,1.0098700621381616,2.6953248515114185,9.709832669813395,8.389371116657134,9.030350268358081,9.546663194248856,8.83254894433651,2.8583824382128094,3.891097995695489,1.371211173892014,0.8951643174769801,2.2430548764839005,6.5772500041009145,5.815306900924185,7.1626085306568275,4.929115360221401,6.554334898425289,HER2_enriched
1.5153113433928853,3.3755023249658374,3.5940122825344947,1.3866747297733215,1.5603542912731359,9.687670309583842,8.690295480168388,8.96367102565421,9.020310736433927,7.464261475041875,1.98892980312461,1.448217780748661,1.6055017420801825,3.1549056027750515,0.9947944845765948,6.650564149398382,5.776829655734553,5.776191865203333,6.632297516841369,6.272041035655112,HER2_enriched
2.456490397775625,2.774547728426289,1.7349532934533418,1.5102106123937997,1.1318795787537614,8.339671576016835,11.35927554024698,9.99574366458943,7.919140507033583,7.942033634605144,2.3854928493747933,2.4378118379023737,2.4391070682538913,1.7960353651570418,1.8996365919976799,6.262303619327486,6.068714405034664,4.224559701801972,5.816160295539845,5.318874852591749,HER2_enriched
2.1401691351268095,4.388207202082729,2.2939853323794437,1.7491762510620816,2.737441201581802,9.38615030976737,9.336075592361473,9.485480474572537,10.645234851863634,8.095289251739267,2.3789056614491635,1.2588950960147693,2.4444101170737986,1.2650507908111246,1.6661065491159324,5.763928068609675,6.780653375475767,6.734763555153931,5.003426098842892,6.043947288799879,HER2_enriched
1.4323361162006618,0.9931960714597323,1.8263863596605037,1.7532137692353442,3.941373189076418,9.346367860288558,7.89790599939661,8.548180796663246,9.817106636343519,10.67075421829594,0.7312133502096332,0.4960604918887639,3.496772140297426,2.311691341896723,1.3053658144989067,6.4277032688979485,3.891401808786498,6.002700405277729,6.262256938274469,6.7394161116302636,HER2_enriched
1.1888832381659697,2.068549729122687,1.2596602991523302,2.2043070045394537,1.2837229421095806,8.673519328671823,8.203347684167817,9.520908993458926,9.686760893325332,8.81230354403407,2.0305903959680225,0.8411268682931647,1.7602586815945704,1.9598363063666042,4.096634472823981,5.1104263793806695,7.17134179100195,6.797487018772646,6.224509123592109,7.406896387356107,HER2_enriched
2.2976843780854903,2.311327356534343,1.9575034775859637,2.978855105934902,2.877175387048707,8.499458170003031,7.944602244320986,8.837615490083474,8.359969148481882,8.949180340307716,2.989950507747311,1.634158675930568,1.96574129495074,2.046418187846716,2.6787447057642275,4.202488532812316,5.514639764187763,6.169026953823578,6.960063165141489,5.606478041995036,HER2_enriched
0.49875783516650074,2.495769156772909,1.4917100889394965,1.0482666727277108,1.5005236882294208,8.85237971387532,8.51620426836943,7.235547154320745,9.717652957509706,10.019900033022978,2.5212175930716048,1.0898514636601466,1.8388067728419857,1.9947829478164336,2.479035511649528,6.534672390974465,5.412660960977203,6.065596445130848,6.365824323692193,7.164657857717414,HER2_enriched
2.5636052318597784,2.631245349900415,2.0670613023434887,3.1283673161628034,2.327810236767598,8.311129671861144,10.122695976100152,9.558322618031221,8.645564783097214,8.616405626080605,2.2372604361126096,2.370547836214068,2.157833812504965,2.249046938754308,3.3599658996611046,6.857234521787909,6.15250847301202,6.753048464613987,5.173980877177968,6.318341639957447,HER2_enriched
3.447445079786488,1.8255632836861009,1.3218928571047321,1.4783288891255513,1.1282935701260892,8.372190473497838,8.703593521127976,7.875546384657087,9.012494667159682,9.721821739029318,1.2737950558824638,3.215427138913415,2.4086336708220757,2.824464468499246,1.4737323569182903,6.683620181653293,5.126452879683749,6.712198000669207,6.137471471834825,6.442600975987827,HER2_enriched
1.0595243155001186,1.2839441261787163,2.477782574602708,1.2413215966206392,2.3705650336792985,7.906289754831803,9.678539370133334,8.013981348185192,9.441839950143619,9.5005047469168,1.4425825452563399,2.4656212536677815,2.2083538106668446,1.5689265150458094,1.1931562527390334,4.429899446661937,6.279720037839755,4.748157782910356,6.076275359553047,5.7892414271342005,HER2_enriched
2.5433142203505565,1.7583636004081087,1.736441770922327,2.5854965634306364,2.268046423267294,9.252924765746222,9.375414071846821,7.771542301434315,9.605430943989585,9.489975035210882,1.1866534971388023,1.804735621060639,1.968554169897895,1.8924025724786138,2.267087973254828,7.145093425464947,6.865413382138263,4.950224645254875,6.497655992244839,7.063146655628328,HER2_enriched
2.309446816551362,2.8727843401487734,3.6098163565606125,2.818967636885585,2.199446876513383,9.836070779267803,9.115910266477513,9.019122434627965,8.718868611429015,10.250730687065687,1.3452570672463988,3.225894179742493,2.399891298992297,0.8805550601584466,2.2941194343931373,4.3199787938787,6.5004064134648285,6.7081851863911925,5.526115235478358,6.098838156764466,HER2_enriched
3.563325947000229,1.5954026365904506,1.1528739303547195,3.185330721970079,3.5700697524246356,9.002956537478278,9.809170428326684,10.073180732424705,8.406012613969292,8.611755331705705,2.984699610523788,3.348011422966808,2.450304688139484,1.2961485171983567,3.589648889359553,5.575223281750429,5.731889775062839,6.273870267591697,7.243328336571819,6.683180781241779,HER2_enriched
2.3318924002895285,2.370630824094485,2.034811734914773,2.446511611614805,-0.023648062155442684,8.762714032744162,9.193057547933424,8.079188733104395,9.309058654249249,8.836423023211102,3.404380558652392,3.258415780171885,1.6273555447054697,1.8793298307466437,1.9408419475132859,5.638672419072302,6.156019987222502,5.393374344889928,5.095507732049979,6.498168979120215,HER2_enriched
2.5036236673774486,1.356547392272006,2.71628434461008,1.494737816667735,2.202532190430385,9.656275210089966,8.97310994823703,9.363792729712907,8.586856284889942,8.842826733257523,1.8353124552957276,1.4027373227678088,1.8585806695073743,0.7611053609090026,1.6070770022863163,5.7720996053042635,5.795056198003696,5.806802043303377,5.950588640111897,6.383553214468851,HER2_enriched
2.699613659306018,1.4801878185213861,1.0374393156886845,1.1663644702055176,1.6102376630440582,8.718462945746793,8.384003147042034,7.963106668600084,8.635103338020649,9.145141296091177,2.476023572668452,1.554061557513343,1.6696017422852527,1.2586413529221514,1.974848663700179,5.321257092647349,6.45850225059296,4.571306806452711,5.71229626203803,6.2408858713533935,HER2_enriched
2.1470676130580033,4.154426931184398,2.2798400196543263,1.1967563225263917,1.9236286023287417,7.579002933226839,8.93552020056259,8.333555154399393,9.73231222044813,8.560367780323572,1.9065872673638027,1.4915537268764774,3.391081081482665,1.7430057871056706,3.4660456347833613,6.651321409694614,6.385653381868309,6.294986517854015,6.3150378385730015,4.457861936523512,HER2_enriched
1.7768932846793948,2.6761263769474573,1.9608822532207155,0.87584812255714,1.9580764395380243,10.363284413004394,9.997513372427775,8.950396792507174,9.76115942164647,8.706794383705558,0.6369027305386248,1.2604272094963564,3.2503110148065586,1.7808055345365565,1.8052928164999855,5.760129442980095,7.523309271658405,7.300767132289651,7.7750241867585075,5.872763831679959,HER2_enriched
2.236499590997676,0.7866859604633669,3.18154754089462,1.065776358985652,2.173420451010103,8.122157977893725,8.528906538609043,8.330190055160239,8.513699791459345,8.568701837480818,1.5613849640599384,2.666667129424246,1.1161097655499839,2.1764331416110934,2.9743673218444466,5.589442908389283,5.425664887401918,5.8155802998557995,6.943780166688568,6.155286104762686,HER2_enriched
1.5750285643139212,2.387101320950432,1.1181662801308612,2.5450876083543585,2.326885846161414,8.753753223088893,8.329131361242215,8.290655262173233,9.427853869076728,9.983184401991249,1.4901538023769643,2.3667093628411875,0.33037838511834483,1.5323058154742404,1.9751528537032785,5.272253266414533,5.250794900168323,5.465776354824891,6.233754182661099,5.8501367852749,HER2_enriched
0.20941501334002233,0.30343987789194693,1.5145078577142597,2.366149268842842,-0.19800387418018772,8.600215859078695,8.579001714786063,10.110670222566759,8.691982550629708,9.306391187792743,2.113005712069971,0.2955468161542394,2.6145657733053898,2.1723172043650303,2.4066149117396716,9.140990165149061,4.33270964840113,7.379757319808887,5.7700419844797155,6.229863123522407,HER2_enriched
1.9635902037590063,1.660610933281565,1.544133657408993,2.2636069884584074,0.7862610426626566,9.600463334017412,8.667044476091796,8.095944528767713,8.639989713603349,10.005719373490058,1.5717319303870214,2.2867628945676963,1.4152349794276213,2.6063374799388956,2.5484061910321634,7.478887066637129,5.859548843600628,6.534923843806325,6.078454031631155,7.036697425490411,HER2_enriched
1.4249340899130156,2.596004250301825,1.8442421631066546,1.9486494583132017,2.0734019875586984,9.201792317141342,8.907016765502433,9.171770546536422,10.262494446049747,9.788359748492175,2.6953236739975175,1.6355683791809035,1.2886073374173406,2.764240446590202,2.7008374340238355,7.178136540600786,5.516815499224617,5.816361075711722,4.688412669979653,5.686023115151301,HER2_enriched
2.797256408463558,1.6268036966174417,2.512383836160659,1.847597515201751,2.2592456225772484,8.081846888147465,9.06816755970712,6.607091223279421,8.850483073470413,7.695621405027888,2.964795613237453,2.621925882211609,2.3733367855728646,3.2168049817275044,1.2408667833401301,7.397890558332446,6.745753251408308,5.810755770224843,6.908496117746355,5.114965190070692,HER2_enriched
1.3403886707778612,1.5131282214082398,1.576817833548788,1.1547538857917976,2.97846645367626,8.792916479704134,9.282003974685503,8.543718906869056,7.543517359561186,9.216045886713138,0.47019601966417834,1.945092763131625,0.9053479689337516,3.5898207993846465,2.7290901777397774,6.084603033017184,7.010965342123735,5.322947218027411,6.4347835029360745,6.159848346974971,HER2_enriched
2.211216065066936,3.017882800085414,2.585993682223842,2.2309789302600187,0.6760900510173631,8.231962963776429,8.901832853123421,9.07469789942132,8.095837020260861,10.929341340462738,3.213115244202858,2.481694656313987,2.0576294890269957,1.8302328240790786,1.2384652319822114,6.06198441481509,6.2062020321142,5.006591539614701,6.267341133795918,5.875792760940201,HER2_enriched
0.47375395369808704,1.3116919913763985,1.6691155732626846,3.510150125872152,2.445242499627007,0.9316147447200869,2.38882903153411,0.7621568088493076,2.8661528431096586,1.6231002785456972,8.925091049008664,10.060637318033752,7.9702691451326,7.882305451909607,8.533120538923196,7.830703080815454,5.784523139618526,4.734275521511545,6.639072913272801,7.441392639928736,Triple_Negative
2.9602093997910632,1.6294709103316807,1.670858714307198,2.923120587404598,0.5042066402436634,1.6891833798535925,2.152339111940046,2.3593749770280272,1.592154645447294,2.027552809364673,7.009338117269609,8.473401270132921,9.362806970043573,8.214164772596256,9.047187377271678,7.357498000642158,6.725960639313788,7.1363710167972565,6.2298139477723105,6.834710976243163,Triple_Negative
2.488172935671378,2.1255783687747476,1.5307749843488516,2.1793731234326343,2.5716878325092942,0.3600469771380175,2.9272592519647183,1.7309962090551423,2.340391946592184,2.957797538916182,7.902661042215627,8.432447198057963,8.769161043299436,8.372997183100457,10.387949260669448,6.3145823249385655,6.555562576410507,7.163511225282382,6.038280379139129,6.683455430594989,Triple_Negative
2.25396260900014,1.733711676493991,1.9252905128800413,1.5765343100413034,0.7884237526553863,2.2572745690713907,3.4039464573177933,2.0147213046267507,2.1802112937980396,2.5541782040934877,7.984535602762641,10.362011726503685,9.161863037138241,10.305485519271286,8.413573603580808,8.45444953804626,7.620124395227826,7.442432068681887,7.187219563482518,6.80117710554044,Triple_Negative
2.960425326779098,2.1122878958784375,0.42634423713027814,1.1062508306343979,1.8513233982458022,2.2479991865324442,1.9547292088800834,2.9751766318349304,0.4391185087691001,2.114870349204128,7.545616619690276,9.607769836387334,8.924433028446398,9.335687977619294,8.308893631528187,8.0235719453262,7.833379731247081,7.4668354424095105,6.896386202509247,7.463885828236106,Triple_Negative
1.4344859456101209,2.6844445272165696,3.319584715459137,2.8564884479833488,1.4163180241540725,2.2891338538184822,0.9654867649930818,2.4579122489405405,2.3604827302900313,0.5041469283742686,8.07057292487011,8.773488882604987,8.759312202287338,8.032418451664956,9.311182983481746,7.20117888715241,6.844584694417184,6.39536679987331,7.838965701133251,8.324325690470637,Triple_Negative
1.6131508129227703,1.5102664662761434,2.392966132329597,1.713576496202411,1.8884822394694127,2.591722521379737,0.4725151299941657,3.0546418598821354,2.0581444194634733,1.6708054843502558,8.92861267662284,8.969943484016415,7.615038957244059,10.195950581962588,9.033060505816495,7.3544017043579,7.761239816459234,6.1830700339517595,7.378777519228183,6.785887127280965,Triple_Negative
2.677416620173195,0.29821806371880366,1.9207245598069849,1.5177434753728307,2.3458103605073246,2.3760353498945617,1.4338992841423792,1.430260908659165,1.9114677051541364,1.2826862181478336,9.673586956361701,8.704634239642044,6.674409424542686,8.700142354702555,8.169164943324823,5.694979347631244,6.010058689421942,7.087526777466376,8.062912662598585,7.250547579091984,Triple_Negative
1.5147972894274082,2.364723356136562,1.6327277518248065,1.4443197046694842,1.0765098654136125,0.5985369545986245,1.6880610347524438,2.1264427919361055,1.9227010639880882,1.667226457642113,8.243403151442575,9.486596953347975,7.946294464042732,9.62082233107478,8.19822638485862,6.398051810117572,5.826571847507458,6.598878282491491,7.7802499667823835,7.412502470755165,Triple_Negative
2.782737689622428,2.4177140367471486,1.1170641371757046,1.7353686205379542,1.37584069670603,3.064459923231232,1.0425690828589507,2.7149581515112886,2.7143630960870153,3.46369616137287,8.672250725896403,9.569857727664129,10.825321469231074,8.505886658453043,7.771967801974112,5.495991972873789,7.570169623089065,5.493479833553133,6.702144757649662,7.349850549631169,Triple_Negative
2.1481404294639312,2.340355891347338,2.1778318846406832,3.0230926506507148,1.2381468954089625,1.4584038892331748,1.3818724437833407,2.664153449490088,2.720318870716051,2.3609802554548067,9.946794933511942,8.057567306098896,10.33377928924091,10.218590897369808,9.588497597796596,8.425439127016848,5.674701433857781,6.5804414909898785,6.411757231454438,7.577183459005875,Triple_Negative
1.1598874083182835,2.6059961194699883,3.0964289151973707,2.5561623200671995,2.2270008189292008,1.2097013272794006,1.3225192270997082,2.9996951242373333,2.623479203124266,1.9687843844979647,8.665672363387287,7.379353701510898,8.14331806505245,10.529135269711778,7.975635543198027,7.151583856976864,7.805955178556159,5.996061865598166,7.147768379824867,7.750332430008524,Triple_Negative
2.0099994575258004,4.294722444533415,0.6651205928974437,2.846982823907103,1.8617586100828285,2.61753612386934,2.353045721359397,1.4134750423120028,2.183197113967472,0.5136788388813702,9.482598000457115,9.23852677279242,9.510928134914481,9.84649466006972,9.29409587216777,7.118471535838621,6.295145330670966,6.430223389080759,7.949387696141865,8.149068324564784,Triple_Negative
1.8095116509503568,2.0368021978026194,1.276308500004987,2.938205476213956,2.532333458953423,3.5529739491709993,1.2973415382562088,1.6975936807854262,2.1851567380204577,2.5171916301806165,8.827465889961895,8.30163112763704,9.705126023138856,9.576908290036465,8.26698071954902,8.084354240884396,7.936158967357283,7.107437197798235,7.063678289900829,7.443246216892725,Triple_Negative
1.3106375437949933,2.0240251833312657,0.2780931643126556,2.7011645164023483,0.7508054220465123,3.202735862743199,1.7359039248268398,1.8306664144550584,1.4978128751323956,1.769568900862339,10.13482507611843,7.009753074771936,10.02157230887055,9.270418784881366,8.034382681714227,6.1397500855606095,8.341114421766562,6.243594496045815,6.077319591523232,7.909851633891783,Triple_Negative
2.2708423010287313,1.2496595387708809,2.173299980323695,1.179397853087778,2.880657118738084,2.8490967718985067,2.4256049590575546,2.2893288489976134,3.408950499893899,1.9997490619105802,8.05450069966336,9.359579130265846,10.668837639629691,8.188192405451318,8.710829786644812,7.333156830481162,6.956876120795409,6.214157135698148,7.897486284984376,8.856032577613808,Triple_Negative
2.1569051672191257,1.2767453682111998,0.7608315799572198,2.2063807849769446,2.883101874653006,2.3801341971963055,1.998076927264917,1.528582678568555,1.1262690938255282,2.667801061059906,9.731017297108469,7.763416170647414,10.271871182544547,9.459256976715201,10.119675716116635,5.926297801211907,5.9073406756676485,6.880824552186162,7.402227541516155,8.43708865834157,Triple_Negative
2.564863131052105,1.8058549785503732,1.1789046338672864,2.98400045817532,1.2282356593994281,3.3027748438178577,1.7724922803147924,3.2724656580942804,2.5431450320474225,1.8904036084460334,8.584482902539099,8.727273698123136,9.34265335390019,9.061725196974173,8.524950873545036,6.867494871745894,7.06286162377532,5.29701272446815,7.366534491830959,6.216223020226554,Triple_Negative
1.0773340774354039,0.6501245223114316,0.5648860017056876,0.9156419975101686,1.4327832338956075,3.5626073100212547,1.5792962592838369,2.142200085014425,2.320385109205063,2.104852148972679,8.938045231419204,8.043764989120604,10.16074203862337,10.445757314910308,7.653873044701851,6.180777127290896,6.776151726098395,6.2283697640718465,7.404772442764692,6.417382238074709,Triple_Negative
3.7320448542452818,2.952438875474877,2.170059224505772,2.821589010655786,2.884720339485847,1.5488420095534055,1.3470262043664283,2.062514450375718,2.6893088995983554,2.1112483189227342,7.738402814247202,8.357740444839326,8.940821709124497,8.939467516539336,10.578033741431847,5.891209646080801,7.404471393468699,8.191290486662632,8.817159796338236,6.676482061452831,Triple_Negative
2.39314356217616,2.4558082857589176,2.1563853852426327,1.9209238390085552,2.348780311600037,-0.025796868175748333,2.545655592050105,2.1009423229295736,1.8220200825773878,3.637489756575646,8.460052784967559,8.677539208747975,10.593242641763787,8.334350956120115,8.55990777365077,6.88237966125532,7.672587585703639,7.16624200588265,5.9658997222781895,6.574265149498248,Triple_Negative
1.514116453430231,1.9382231638215635,2.3406749269038634,2.3345646047103776,0.5791905967612783,2.851152790048685,2.202055076797299,3.107625638075125,2.3553586618325375,2.8810583661886096,9.373236249160101,10.076980604962198,9.417800508814222,8.921667802845677,10.817947776357506,7.711229697823914,7.45899553680353,5.978956466769331,5.96935390602917,7.2341723857134825,Triple_Negative
2.1164169582145926,1.508701947993347,2.112786159689648,3.270901542434877,2.5563219796402388,1.0871931921978093,1.910792938285645,1.3560268153179513,1.689840066873151,1.6691074674962858,8.617883533916796,7.995891702421284,8.897876254785448,8.551513890522152,6.656441047998186,8.64237761960133,7.871015723373338,6.698959420060003,7.015055239792479,6.06267652214595,Triple_Negative
3.3565783022486926,3.5178309558184893,2.1253549825972198,2.818824515348276,2.1402294231471393,0.9306196488992555,1.670541304829074,2.1055423734175656,1.6363618250052445,1.8250773780519711,8.926880353992708,8.93529720170763,9.041806792397987,8.15151594688272,8.426387080697651,5.972332587440024,7.7822524397489605,5.31548244652774,7.922872274653541,8.109079517810274,Triple_Negative
1.758255530413903,-0.08250967026183886,1.7109515504261676,1.9486526709689447,1.1915214240568692,1.5878252849534058,3.224156159090681,2.531941729841393,1.26034870849752,0.7219206643236542,8.738386145912184,8.82923457651965,9.396959349890652,8.571746629945872,9.40919966028949,8.548123232048184,7.65240081795541,6.961529194135382,6.853479623157364,6.714661492656103,Triple_Negative
2.9445127299617155,1.4981492432389576,2.036178167199986,2.0409583215048683,1.5985726457507745,0.9020275616927194,2.2583796028941343,1.9511968225156933,2.400192375549256,1.5731197548486664,9.976657039050439,8.298580975030525,10.369632227214314,7.60189079213739,9.347816051645513,7.380344546021298,6.3635543456472945,7.33951515028881,8.023614935808126,5.2265449285167485,Triple_Negative
2.402195845992652,0.005383343735937851,1.2274681571814337,3.303333091920756,1.5345743732863568,1.060896028472822,1.8416498168122546,3.6543250705308417,0.534654202235179,1.1589520706885243,10.197945346543701,10.486161874830186,8.917255020567772,8.008757837978687,10.676674801447327,8.275553913399357,7.543157590209787,6.350078120850064,6.96077652732957,6.871711935164136,Triple_Negative
2.264681043692462,3.160801150505069,2.7035336329099224,1.1380991384121932,3.10119716001563,2.2505057120105243,2.5496526366871333,3.1732326874228827,1.110735800389159,1.9713395370348297,8.574836358912627,7.745712459707635,9.277367982083936,11.00924524126754,7.527937804395398,6.974175511160424,7.512434348059819,7.098462561324945,6.909497557987407,5.960626909243341,Triple_Negative
2.186229394352131,1.394588818387259,0.24806263601715717,2.9556737764109844,2.766708655873634,2.041328781480864,2.183259750564562,2.8594544101724493,2.179471725422466,2.7232140438090515,8.76201423930092,10.049586990859158,9.256628580746147,9.155241554884698,7.983951129030374,7.229564683441367,6.334436066004439,6.489373818777205,6.347699497347103,6.14701205448062,Triple_Negative
3.6998171224135694,3.065071249590723,3.536294001715409,1.021683984355549,2.057002999928714,0.9651938998367233,1.4434440982423489,1.26549841326674,2.991667205153249,1.683016257518592,9.854703466955213,9.483296711670814,10.84291100168383,7.816444621488221,10.00738659182944,7.917152696320582,6.221296929578372,7.8057066691785275,7.268915970420983,6.818018992037274,Triple_Negative
1.3408516104224004,1.4247124388406514,3.639849676628741,2.000546255165986,2.6257040012251673,1.3672804946659576,1.376117643022689,2.865587847399954,0.9203390307587742,1.6678289856757829,9.027221928857786,9.089098081472041,8.856725371987075,9.316655824876738,9.55428460465425,7.587710036367464,6.211356953065739,6.772675921656962,7.95581028950155,7.715717750059098,Triple_Negative
0.9017124388151487,2.2811839202817614,0.4174198005001517,2.037547921648296,3.5182136133967816,1.241685826184811,1.3325415636067341,2.611223825258288,0.7657587878322831,1.4937959760919686,9.477152910065403,8.492571321848477,8.811224010231223,9.595348568252028,9.33723686682925,7.2134547170363215,6.728702176583969,7.296048892215165,6.901013855920195,7.3662444879406275,Triple_Negative
1.6024543799056175,1.853944820496367,1.2080337659583888,1.9719939119950112,1.351199309096924,1.1087628398704052,2.2069289182843104,2.1701918206861284,2.626298987958858,1.6550995443399208,9.326442277469404,9.44063805781893,9.355819046265276,8.339477053758287,9.119490785816952,7.291312236843729,7.005742773526354,5.330817873303133,7.128391699178784,8.770024831517794,Triple_Negative
1.7119685849944137,1.417538321715743,2.2986788477691187,2.2499025683732574,2.9541881323331314,0.9937054752728898,2.585104202059994,2.4723376490011706,1.886282770447563,2.270949854337352,9.823565985278686,9.69785230402276,8.085584550341018,9.656126549404387,8.948249115973985,7.058299278412412,7.058557592801356,6.879805608961392,7.953365997685652,6.93302563212063,Triple_Negative
1.104363097293465,1.6851761152242168,2.1429557734483806,2.98337182743764,2.482475747959067,1.319571777002365,3.9881519333431132,2.2118202487823835,3.020312590399212,1.8786284531382167,9.42668739576436,9.671574803614725,9.974555769403405,9.84589464430258,9.697757600058383,6.747930615044713,6.542603166435151,7.266086008259358,7.746502457872856,6.821823439378714,Triple_Negative
2.8521375725715092,3.1620933963889435,1.2669432647412642,1.330463436962976,1.8876999528757308,2.2460901345513573,1.5803463889863592,3.081762143093716,2.339253489214761,2.0315576385925915,7.851272380905177,7.9473473468579945,9.224807400225446,7.293923499076131,9.810109927715258,6.873476924502143,9.594474375675787,8.846333000492889,6.854840744601987,6.914930397974948,Triple_Negative
2.7964652112016237,3.36253808793443,0.6895767540511866,0.5708996277162506,1.5023721555564948,2.4661900665390917,2.3974988724060777,2.85581716398708,1.0402419773077534,0.1470849096248985,9.686411356241717,8.337442981627813,7.385209708489089,9.116050996767505,9.634540550574942,6.902354294302978,6.633721291054009,6.872510214283275,6.703533790079374,5.921562310447866,Triple_Negative
1.4282554584076546,2.4170239240110516,2.2573428331012,2.1344478447734563,1.2038812145172963,1.8547974702914662,0.25834796284571615,2.1427813311083117,3.1430861662508542,0.8206942943663154,8.531257861345797,9.263285422968103,10.002274107541988,8.64142030695988,8.446199736587284,5.424861486067133,7.082750503446485,8.633660832114995,7.221886769571741,6.98217681665303,Triple_Negative
2.2576658486135885,1.9911263968411184,1.349588502191896,2.6586239325421643,2.1806092184894035,2.014090601546926,1.2197071781774,3.0428063455478074,2.531762196266488,1.5576633301061584,9.801459882945549,8.601943329291835,8.37439720599117,8.392237506015771,7.583145157529527,7.377233904334565,5.53508409732932,6.0172449349873895,5.339529592737174,6.931144245767285,Triple_Negative
1.8797436317825023,1.7386430294509088,1.165937844263539,1.062212997250688,2.3714958908372594,1.5595584546332097,2.253086657228916,1.291801051100622,2.144850194216866,3.042622429852851,9.468932640314227,8.670068945426816,9.205759176284742,8.80746786037583,9.006304147755783,6.739511158281197,6.868531835291687,7.16967468245934,6.205313040334439,6.187296938408017,Triple_Negative
0.8891659569350312,0.7197831163970321,1.0261738462236165,2.1275700054433035,1.2857699876064927,2.410891571384877,2.0277709990020494,0.42519662924955703,2.523980467377352,2.648638916473368,8.204909860132117,9.336153234315994,8.31480141007264,9.078136301398668,7.988401274436027,5.565514837972339,6.693746248309625,6.901016842980131,6.6818562451083165,6.052775553421952,Triple_Negative
1.6800807502950903,2.215435802064587,1.9640855759019704,2.146000824479371,1.4639078396366136,2.9373743317729275,1.0590613307561756,2.390048237669375,2.945512874367969,2.384726474199116,8.837980618348135,8.577362362669616,9.828870120837005,7.861620059790662,8.223900591696285,6.681953787606623,7.990123006009599,7.303814108832717,6.225563393191804,6.751753835692077,Triple_Negative
1.5085414847229646,1.4321688062131719,2.7831116468454233,0.9026054965891954,3.287024684587499,2.6625837521476985,2.872689336482958,1.6296483903797934,1.8800474247367125,0.8534785483802303,8.580270074346558,9.39492387811452,10.036850449425117,8.114274546558038,8.707595250411787,6.878960623813982,5.8833686382460115,7.47307939340672,6.420807734605913,6.843687719058381,Triple_Negative
1.6384405024704978,1.3685291954242604,1.9943640116155563,1.8275123371455821,1.7025136941770675,1.4172307026557256,2.255619736626364,3.322893814793828,2.111909786271302,2.7968945719289033,7.8878224598772295,9.126209151435015,8.122105344823147,7.8184600579744785,8.40850287403277,7.9535194675308585,7.760012662935717,7.19440377764352,5.773839552088055,6.842975478889651,Triple_Negative
2.2413600071213886,2.1404289836628783,0.5249651332154033,1.2877457215841024,1.9487377886810267,2.4290327276137518,0.24309774312004273,1.8703008196161133,2.114439015903162,2.6796895908129708,9.554286067389949,9.466057055047044,8.360047594638452,7.473598290301354,8.68555779435088,7.801305460166848,8.114763622019545,7.568439281838228,7.343472658241388,7.303711718708772,Triple_Negative
1.5551050025913755,1.895951765157104,3.335255620661065,1.2459535953664989,3.2918230325678812,1.7423774764063533,3.0603456872760626,0.8745479924019695,2.4687233609317194,1.4105838912419024,7.86778624646065,9.174827233928756,9.807577430876774,8.324046849125203,7.800787231633279,6.926524188532036,6.930051736978255,7.438655702043599,7.759675657091591,6.952467854982005,Triple_Negative
3.4844026518354108,2.1793877956282333,1.7228587951944803,0.7107461127177377,1.7898723837470658,1.730890443671091,2.7682438370251763,2.369986899253483,1.056504702693906,2.13780350912883,9.537224937383243,10.222425087510267,9.710003173931248,9.608677323449182,9.048068795692132,7.31064960433876,7.999603920564927,5.93377808201628,6.720448538226435,6.381945000995008,Triple_Negative
2.3033224949808995,2.98417774052063,1.5224205706231408,0.08775650602444962,1.6702234039804238,2.7307789856139255,2.430103922359904,2.342548998248461,1.776005358500416,0.9767754110241709,9.412235457299573,8.3325745519723,10.747277386704365,9.456405766683613,8.53548135795684,6.510891802089097,6.925644634709129,6.8083984623826,7.893467020423963,7.149132935795237,Triple_Negative
1.4146946088731776,3.5123525481246265,2.039446665216178,2.6150717407751176,1.5134187940441926,2.290492502195619,2.248887992914556,0.4882805663230776,3.6122200883685123,3.032515568738038,8.68224374708321,8.118184207635316,9.278049291042842,9.069358159531518,9.284535158850584,7.153261916955271,7.404992791444741,8.157844559513446,7.454482564102917,6.160275600872047,Triple_Negative
3.090050282169962,3.31249165079063,4.521645387609668,1.1012047734083215,2.19430561052022,0.33432103744881014,2.4425193251033672,1.5614397614665818,3.5387566358599627,1.3803080239851344,7.648653569626191,8.622989007437985,7.41960978302629,9.600879563605847,7.347933562994943,7.022766064946527,5.337750544115043,6.743761756370686,8.314702524643627,7.288518313148636,Triple_Negative
